[
	{
		"name": "Bulbasaur",
		"frontSprite": "f_bulbasaur",
		"backSprite": "b_bulbasaur",
		"cr": 45,
		"type": "Grass",
		"type2": "Poison",
		"hp": 45,
		"atk": 49,
		"def": 49,
		"spat": 65,
		"spdef": 65,
		"speed": 45,
		"moves": [
			{
				"name": "vine-whip",
				"levelLearned": 10
			},
			{
				"name": "tackle",
				"levelLearned": 1
			},
			{
				"name": "growl",
				"levelLearned": 4
			},
			{
				"name": "leech-seed",
				"levelLearned": 7
			},
			{
				"name": "growth",
				"levelLearned": 32
			},
			{
				"name": "razor-leaf",
				"levelLearned": 20
			},
			{
				"name": "solar-beam",
				"levelLearned": 46
			},
			{
				"name": "poison-powder",
				"levelLearned": 15
			},
			{
				"name": "sleep-powder",
				"levelLearned": 15
			},
			{
				"name": "sweet-scent",
				"levelLearned": 25
			},
			{
				"name": "synthesis",
				"levelLearned": 39
			}
		]
	},
	{
		"name": "Ivysaur",
		"frontSprite": "f_ivysaur",
		"backSprite": "b_ivysaur",
		"cr": 45,
		"type": "Grass",
		"type2": "Poison",
		"hp": 60,
		"atk": 62,
		"def": 63,
		"spat": 80,
		"spdef": 80,
		"speed": 60,
		"moves": [
			{
				"name": "vine-whip",
				"levelLearned": 10
			},
			{
				"name": "tackle",
				"levelLearned": 1
			},
			{
				"name": "growl",
				"levelLearned": 1
			},
			{
				"name": "growl",
				"levelLearned": 4
			},
			{
				"name": "leech-seed",
				"levelLearned": 1
			},
			{
				"name": "leech-seed",
				"levelLearned": 7
			},
			{
				"name": "growth",
				"levelLearned": 38
			},
			{
				"name": "razor-leaf",
				"levelLearned": 22
			},
			{
				"name": "solar-beam",
				"levelLearned": 56
			},
			{
				"name": "poison-powder",
				"levelLearned": 15
			},
			{
				"name": "sleep-powder",
				"levelLearned": 15
			},
			{
				"name": "sweet-scent",
				"levelLearned": 29
			},
			{
				"name": "synthesis",
				"levelLearned": 47
			}
		]
	},
	{
		"name": "Venusaur",
		"frontSprite": "f_venusaur",
		"backSprite": "b_venusaur",
		"cr": 45,
		"type": "Grass",
		"type2": "Poison",
		"hp": 80,
		"atk": 82,
		"def": 83,
		"spat": 100,
		"spdef": 100,
		"speed": 80,
		"moves": [
			{
				"name": "vine-whip",
				"levelLearned": 1
			},
			{
				"name": "vine-whip",
				"levelLearned": 10
			},
			{
				"name": "tackle",
				"levelLearned": 1
			},
			{
				"name": "growl",
				"levelLearned": 1
			},
			{
				"name": "growl",
				"levelLearned": 4
			},
			{
				"name": "leech-seed",
				"levelLearned": 1
			},
			{
				"name": "leech-seed",
				"levelLearned": 7
			},
			{
				"name": "growth",
				"levelLearned": 41
			},
			{
				"name": "razor-leaf",
				"levelLearned": 22
			},
			{
				"name": "solar-beam",
				"levelLearned": 65
			},
			{
				"name": "poison-powder",
				"levelLearned": 15
			},
			{
				"name": "sleep-powder",
				"levelLearned": 15
			},
			{
				"name": "sweet-scent",
				"levelLearned": 29
			},
			{
				"name": "synthesis",
				"levelLearned": 53
			}
		]
	},
	{
		"name": "Charmander",
		"frontSprite": "f_charmander",
		"backSprite": "b_charmander",
		"cr": 45,
		"type": "Fire",
		"type2": "None",
		"hp": 39,
		"atk": 52,
		"def": 43,
		"spat": 60,
		"spdef": 50,
		"speed": 65,
		"moves": [
			{
				"name": "scratch",
				"levelLearned": 1
			},
			{
				"name": "growl",
				"levelLearned": 1
			},
			{
				"name": "ember",
				"levelLearned": 7
			},
			{
				"name": "flamethrower",
				"levelLearned": 31
			},
			{
				"name": "dragon-rage",
				"levelLearned": 43
			},
			{
				"name": "fire-spin",
				"levelLearned": 49
			},
			{
				"name": "rage",
				"levelLearned": 19
			},
			{
				"name": "smokescreen",
				"levelLearned": 13
			},
			{
				"name": "slash",
				"levelLearned": 37
			},
			{
				"name": "scary-face",
				"levelLearned": 25
			}
		]
	},
	{
		"name": "Charmeleon",
		"frontSprite": "f_charmeleon",
		"backSprite": "b_charmeleon",
		"cr": 45,
		"type": "Fire",
		"type2": "None",
		"hp": 58,
		"atk": 64,
		"def": 58,
		"spat": 80,
		"spdef": 65,
		"speed": 80,
		"moves": [
			{
				"name": "scratch",
				"levelLearned": 1
			},
			{
				"name": "growl",
				"levelLearned": 1
			},
			{
				"name": "ember",
				"levelLearned": 1
			},
			{
				"name": "ember",
				"levelLearned": 7
			},
			{
				"name": "flamethrower",
				"levelLearned": 34
			},
			{
				"name": "dragon-rage",
				"levelLearned": 48
			},
			{
				"name": "fire-spin",
				"levelLearned": 55
			},
			{
				"name": "rage",
				"levelLearned": 20
			},
			{
				"name": "smokescreen",
				"levelLearned": 13
			},
			{
				"name": "slash",
				"levelLearned": 41
			},
			{
				"name": "scary-face",
				"levelLearned": 27
			}
		]
	},
	{
		"name": "Charizard",
		"frontSprite": "f_charizard",
		"backSprite": "b_charizard",
		"cr": 45,
		"type": "Fire",
		"type2": "Flying",
		"hp": 78,
		"atk": 84,
		"def": 78,
		"spat": 109,
		"spdef": 85,
		"speed": 100,
		"moves": [
			{
				"name": "scratch",
				"levelLearned": 1
			},
			{
				"name": "wing-attack",
				"levelLearned": 36
			},
			{
				"name": "growl",
				"levelLearned": 1
			},
			{
				"name": "ember",
				"levelLearned": 1
			},
			{
				"name": "ember",
				"levelLearned": 7
			},
			{
				"name": "flamethrower",
				"levelLearned": 34
			},
			{
				"name": "dragon-rage",
				"levelLearned": 54
			},
			{
				"name": "fire-spin",
				"levelLearned": 64
			},
			{
				"name": "rage",
				"levelLearned": 20
			},
			{
				"name": "smokescreen",
				"levelLearned": 1
			},
			{
				"name": "smokescreen",
				"levelLearned": 13
			},
			{
				"name": "slash",
				"levelLearned": 44
			},
			{
				"name": "scary-face",
				"levelLearned": 27
			}
		]
	},
	{
		"name": "Squirtle",
		"frontSprite": "f_squirtle",
		"backSprite": "b_squirtle",
		"cr": 45,
		"type": "Water",
		"type2": "None",
		"hp": 44,
		"atk": 48,
		"def": 65,
		"spat": 50,
		"spdef": 64,
		"speed": 43,
		"moves": [
			{
				"name": "tackle",
				"levelLearned": 1
			},
			{
				"name": "tail-whip",
				"levelLearned": 4
			},
			{
				"name": "bite",
				"levelLearned": 18
			},
			{
				"name": "water-gun",
				"levelLearned": 13
			},
			{
				"name": "hydro-pump",
				"levelLearned": 47
			},
			{
				"name": "withdraw",
				"levelLearned": 10
			},
			{
				"name": "skull-bash",
				"levelLearned": 40
			},
			{
				"name": "bubble",
				"levelLearned": 7
			},
			{
				"name": "protect",
				"levelLearned": 28
			},
			{
				"name": "rapid-spin",
				"levelLearned": 23
			},
			{
				"name": "rain-dance",
				"levelLearned": 33
			}
		]
	},
	{
		"name": "Wartortle",
		"frontSprite": "f_wartortle",
		"backSprite": "b_wartortle",
		"cr": 45,
		"type": "Water",
		"type2": "None",
		"hp": 59,
		"atk": 63,
		"def": 80,
		"spat": 65,
		"spdef": 80,
		"speed": 58,
		"moves": [
			{
				"name": "tackle",
				"levelLearned": 1
			},
			{
				"name": "tail-whip",
				"levelLearned": 1
			},
			{
				"name": "tail-whip",
				"levelLearned": 4
			},
			{
				"name": "bite",
				"levelLearned": 19
			},
			{
				"name": "water-gun",
				"levelLearned": 13
			},
			{
				"name": "hydro-pump",
				"levelLearned": 53
			},
			{
				"name": "withdraw",
				"levelLearned": 10
			},
			{
				"name": "skull-bash",
				"levelLearned": 45
			},
			{
				"name": "bubble",
				"levelLearned": 1
			},
			{
				"name": "bubble",
				"levelLearned": 7
			},
			{
				"name": "protect",
				"levelLearned": 31
			},
			{
				"name": "rapid-spin",
				"levelLearned": 25
			},
			{
				"name": "rain-dance",
				"levelLearned": 37
			}
		]
	},
	{
		"name": "Blastoise",
		"frontSprite": "f_blastoise",
		"backSprite": "b_blastoise",
		"cr": 45,
		"type": "Water",
		"type2": "None",
		"hp": 79,
		"atk": 83,
		"def": 100,
		"spat": 85,
		"spdef": 105,
		"speed": 78,
		"moves": [
			{
				"name": "tackle",
				"levelLearned": 1
			},
			{
				"name": "tail-whip",
				"levelLearned": 1
			},
			{
				"name": "tail-whip",
				"levelLearned": 4
			},
			{
				"name": "bite",
				"levelLearned": 19
			},
			{
				"name": "water-gun",
				"levelLearned": 13
			},
			{
				"name": "hydro-pump",
				"levelLearned": 68
			},
			{
				"name": "withdraw",
				"levelLearned": 1
			},
			{
				"name": "withdraw",
				"levelLearned": 10
			},
			{
				"name": "skull-bash",
				"levelLearned": 55
			},
			{
				"name": "bubble",
				"levelLearned": 1
			},
			{
				"name": "bubble",
				"levelLearned": 7
			},
			{
				"name": "protect",
				"levelLearned": 31
			},
			{
				"name": "rapid-spin",
				"levelLearned": 25
			},
			{
				"name": "rain-dance",
				"levelLearned": 42
			}
		]
	},
	{
		"name": "Pidgey",
		"frontSprite": "f_pidgey",
		"backSprite": "b_pidgey",
		"cr": 255,
		"type": "Normal",
		"type2": "Flying",
		"hp": 40,
		"atk": 45,
		"def": 40,
		"spat": 35,
		"spdef": 35,
		"speed": 56,
		"moves": [
			{
				"name": "gust",
				"levelLearned": 9
			},
			{
				"name": "wing-attack",
				"levelLearned": 25
			},
			{
				"name": "whirlwind",
				"levelLearned": 19
			},
			{
				"name": "sand-attack",
				"levelLearned": 5
			},
			{
				"name": "tackle",
				"levelLearned": 1
			},
			{
				"name": "agility",
				"levelLearned": 39
			},
			{
				"name": "quick-attack",
				"levelLearned": 13
			},
			{
				"name": "mirror-move",
				"levelLearned": 47
			},
			{
				"name": "feather-dance",
				"levelLearned": 31
			}
		]
	},
	{
		"name": "Pidgeotto",
		"frontSprite": "f_pidgeotto",
		"backSprite": "b_pidgeotto",
		"cr": 120,
		"type": "Normal",
		"type2": "Flying",
		"hp": 63,
		"atk": 60,
		"def": 55,
		"spat": 50,
		"spdef": 50,
		"speed": 71,
		"moves": [
			{
				"name": "gust",
				"levelLearned": 1
			},
			{
				"name": "gust",
				"levelLearned": 9
			},
			{
				"name": "wing-attack",
				"levelLearned": 27
			},
			{
				"name": "whirlwind",
				"levelLearned": 20
			},
			{
				"name": "sand-attack",
				"levelLearned": 1
			},
			{
				"name": "sand-attack",
				"levelLearned": 5
			},
			{
				"name": "tackle",
				"levelLearned": 1
			},
			{
				"name": "agility",
				"levelLearned": 43
			},
			{
				"name": "quick-attack",
				"levelLearned": 13
			},
			{
				"name": "mirror-move",
				"levelLearned": 52
			},
			{
				"name": "feather-dance",
				"levelLearned": 34
			}
		]
	},
	{
		"name": "Pidgeot",
		"frontSprite": "f_pidgeot",
		"backSprite": "b_pidgeot",
		"cr": 45,
		"type": "Normal",
		"type2": "Flying",
		"hp": 83,
		"atk": 80,
		"def": 75,
		"spat": 70,
		"spdef": 70,
		"speed": 101,
		"moves": [
			{
				"name": "gust",
				"levelLearned": 1
			},
			{
				"name": "gust",
				"levelLearned": 9
			},
			{
				"name": "wing-attack",
				"levelLearned": 27
			},
			{
				"name": "whirlwind",
				"levelLearned": 20
			},
			{
				"name": "sand-attack",
				"levelLearned": 1
			},
			{
				"name": "sand-attack",
				"levelLearned": 5
			},
			{
				"name": "tackle",
				"levelLearned": 1
			},
			{
				"name": "agility",
				"levelLearned": 48
			},
			{
				"name": "quick-attack",
				"levelLearned": 1
			},
			{
				"name": "quick-attack",
				"levelLearned": 13
			},
			{
				"name": "mirror-move",
				"levelLearned": 62
			},
			{
				"name": "feather-dance",
				"levelLearned": 34
			}
		]
	},
	{
		"name": "Pikachu",
		"frontSprite": "f_pikachu",
		"backSprite": "b_pikachu",
		"cr": 190,
		"type": "Electric",
		"type2": "None",
		"hp": 35,
		"atk": 55,
		"def": 40,
		"spat": 50,
		"spdef": 50,
		"speed": 90,
		"moves": [
			{
				"name": "slam",
				"levelLearned": 20
			},
			{
				"name": "tail-whip",
				"levelLearned": 6
			},
			{
				"name": "growl",
				"levelLearned": 1
			},
			{
				"name": "thunder-shock",
				"levelLearned": 1
			},
			{
				"name": "thunderbolt",
				"levelLearned": 26
			},
			{
				"name": "thunder-wave",
				"levelLearned": 8
			},
			{
				"name": "thunder",
				"levelLearned": 41
			},
			{
				"name": "agility",
				"levelLearned": 33
			},
			{
				"name": "quick-attack",
				"levelLearned": 11
			},
			{
				"name": "double-team",
				"levelLearned": 15
			},
			{
				"name": "light-screen",
				"levelLearned": 50
			}
		]
	},
	{
		"name": "Raichu",
		"frontSprite": "f_raichu",
		"backSprite": "b_raichu",
		"cr": 75,
		"type": "Electric",
		"type2": "None",
		"hp": 60,
		"atk": 90,
		"def": 55,
		"spat": 90,
		"spdef": 80,
		"speed": 110,
		"moves": [
			{
				"name": "tail-whip",
				"levelLearned": 1
			},
			{
				"name": "thunder-shock",
				"levelLearned": 1
			},
			{
				"name": "thunderbolt",
				"levelLearned": 1
			},
			{
				"name": "quick-attack",
				"levelLearned": 1
			}
		]
	},
	{
		"name": "Gastly",
		"frontSprite": "f_gastly",
		"backSprite": "b_gastly",
		"cr": 190,
		"type": "Ghost",
		"type2": "Poison",
		"hp": 30,
		"atk": 35,
		"def": 30,
		"spat": 100,
		"spdef": 35,
		"speed": 80,
		"moves": [
			{
				"name": "hypnosis",
				"levelLearned": 1
			},
			{
				"name": "night-shade",
				"levelLearned": 21
			},
			{
				"name": "confuse-ray",
				"levelLearned": 28
			},
			{
				"name": "lick",
				"levelLearned": 1
			},
			{
				"name": "dream-eater",
				"levelLearned": 33
			},
			{
				"name": "curse",
				"levelLearned": 16
			},
			{
				"name": "spite",
				"levelLearned": 8
			},
			{
				"name": "destiny-bond",
				"levelLearned": 36
			},
			{
				"name": "mean-look",
				"levelLearned": 13
			}
		]
	},
	{
		"name": "Haunter",
		"frontSprite": "f_haunter",
		"backSprite": "b_haunter",
		"cr": 90,
		"type": "Ghost",
		"type2": "Poison",
		"hp": 45,
		"atk": 50,
		"def": 45,
		"spat": 115,
		"spdef": 55,
		"speed": 95,
		"moves": [
			{
				"name": "hypnosis",
				"levelLearned": 1
			},
			{
				"name": "night-shade",
				"levelLearned": 21
			},
			{
				"name": "confuse-ray",
				"levelLearned": 31
			},
			{
				"name": "lick",
				"levelLearned": 1
			},
			{
				"name": "dream-eater",
				"levelLearned": 39
			},
			{
				"name": "curse",
				"levelLearned": 16
			},
			{
				"name": "spite",
				"levelLearned": 1
			},
			{
				"name": "spite",
				"levelLearned": 8
			},
			{
				"name": "destiny-bond",
				"levelLearned": 48
			},
			{
				"name": "mean-look",
				"levelLearned": 13
			},
			{
				"name": "shadow-punch",
				"levelLearned": 25
			}
		]
	},
	{
		"name": "Gengar",
		"frontSprite": "f_gengar",
		"backSprite": "b_gengar",
		"cr": 45,
		"type": "Ghost",
		"type2": "Poison",
		"hp": 60,
		"atk": 65,
		"def": 60,
		"spat": 130,
		"spdef": 75,
		"speed": 110,
		"moves": [
			{
				"name": "hypnosis",
				"levelLearned": 1
			},
			{
				"name": "night-shade",
				"levelLearned": 21
			},
			{
				"name": "confuse-ray",
				"levelLearned": 31
			},
			{
				"name": "lick",
				"levelLearned": 1
			},
			{
				"name": "dream-eater",
				"levelLearned": 39
			},
			{
				"name": "curse",
				"levelLearned": 16
			},
			{
				"name": "spite",
				"levelLearned": 1
			},
			{
				"name": "spite",
				"levelLearned": 8
			},
			{
				"name": "destiny-bond",
				"levelLearned": 48
			},
			{
				"name": "mean-look",
				"levelLearned": 13
			},
			{
				"name": "shadow-punch",
				"levelLearned": 25
			}
		]
	},
	{
		"name": "Lapras",
		"frontSprite": "f_lapras",
		"backSprite": "b_lapras",
		"cr": 45,
		"type": "Water",
		"type2": "Ice",
		"hp": 130,
		"atk": 85,
		"def": 80,
		"spat": 85,
		"spdef": 95,
		"speed": 60,
		"moves": [
			{
				"name": "body-slam",
				"levelLearned": 13
			},
			{
				"name": "growl",
				"levelLearned": 1
			},
			{
				"name": "sing",
				"levelLearned": 1
			},
			{
				"name": "mist",
				"levelLearned": 7
			},
			{
				"name": "water-gun",
				"levelLearned": 1
			},
			{
				"name": "hydro-pump",
				"levelLearned": 49
			},
			{
				"name": "ice-beam",
				"levelLearned": 31
			},
			{
				"name": "confuse-ray",
				"levelLearned": 19
			},
			{
				"name": "perish-song",
				"levelLearned": 25
			},
			{
				"name": "safeguard",
				"levelLearned": 43
			},
			{
				"name": "rain-dance",
				"levelLearned": 37
			},
			{
				"name": "sheer-cold",
				"levelLearned": 55
			}
		]
	},
	{
		"name": "Snorlax",
		"frontSprite": "f_snorlax",
		"backSprite": "b_snorlax",
		"cr": 25,
		"type": "Normal",
		"type2": "None",
		"hp": 160,
		"atk": 110,
		"def": 65,
		"spat": 65,
		"spdef": 110,
		"speed": 30,
		"moves": [
			{
				"name": "headbutt",
				"levelLearned": 19
			},
			{
				"name": "tackle",
				"levelLearned": 1
			},
			{
				"name": "body-slam",
				"levelLearned": 33
			},
			{
				"name": "hyper-beam",
				"levelLearned": 51
			},
			{
				"name": "defense-curl",
				"levelLearned": 10
			},
			{
				"name": "amnesia",
				"levelLearned": 6
			},
			{
				"name": "rest",
				"levelLearned": 28
			},
			{
				"name": "snore",
				"levelLearned": 28
			},
			{
				"name": "belly-drum",
				"levelLearned": 15
			},
			{
				"name": "rollout",
				"levelLearned": 46
			},
			{
				"name": "yawn",
				"levelLearned": 24
			},
			{
				"name": "block",
				"levelLearned": 37
			},
			{
				"name": "covet",
				"levelLearned": 42
			}
		]
	},
	{
		"name": "Articuno",
		"frontSprite": "f_articuno",
		"backSprite": "b_articuno",
		"cr": 3,
		"type": "Ice",
		"type2": "Flying",
		"hp": 90,
		"atk": 85,
		"def": 100,
		"spat": 95,
		"spdef": 125,
		"speed": 85,
		"moves": [
			{
				"name": "gust",
				"levelLearned": 1
			},
			{
				"name": "mist",
				"levelLearned": 13
			},
			{
				"name": "ice-beam",
				"levelLearned": 49
			},
			{
				"name": "blizzard",
				"levelLearned": 73
			},
			{
				"name": "agility",
				"levelLearned": 25
			},
			{
				"name": "reflect",
				"levelLearned": 61
			},
			{
				"name": "mind-reader",
				"levelLearned": 37
			},
			{
				"name": "powder-snow",
				"levelLearned": 1
			},
			{
				"name": "sheer-cold",
				"levelLearned": 85
			}
		]
	},
	{
		"name": "Zapdos",
		"frontSprite": "f_zapdos",
		"backSprite": "b_zapdos",
		"cr": 3,
		"type": "Electric",
		"type2": "Flying",
		"hp": 90,
		"atk": 90,
		"def": 85,
		"spat": 125,
		"spdef": 90,
		"speed": 100,
		"moves": [
			{
				"name": "peck",
				"levelLearned": 1
			},
			{
				"name": "drill-peck",
				"levelLearned": 49
			},
			{
				"name": "thunder-shock",
				"levelLearned": 1
			},
			{
				"name": "thunder-wave",
				"levelLearned": 13
			},
			{
				"name": "thunder",
				"levelLearned": 85
			},
			{
				"name": "agility",
				"levelLearned": 25
			},
			{
				"name": "light-screen",
				"levelLearned": 73
			},
			{
				"name": "detect",
				"levelLearned": 37
			},
			{
				"name": "charge",
				"levelLearned": 61
			}
		]
	},
	{
		"name": "Moltres",
		"frontSprite": "f_moltres",
		"backSprite": "b_moltres",
		"cr": 3,
		"type": "Fire",
		"type2": "Flying",
		"hp": 90,
		"atk": 100,
		"def": 90,
		"spat": 125,
		"spdef": 85,
		"speed": 90,
		"moves": [
			{
				"name": "wing-attack",
				"levelLearned": 1
			},
			{
				"name": "ember",
				"levelLearned": 1
			},
			{
				"name": "flamethrower",
				"levelLearned": 49
			},
			{
				"name": "fire-spin",
				"levelLearned": 13
			},
			{
				"name": "agility",
				"levelLearned": 25
			},
			{
				"name": "sky-attack",
				"levelLearned": 85
			},
			{
				"name": "endure",
				"levelLearned": 37
			},
			{
				"name": "safeguard",
				"levelLearned": 61
			},
			{
				"name": "heat-wave",
				"levelLearned": 73
			}
		]
	},
	{
		"name": "Dratini",
		"frontSprite": "f_dratini",
		"backSprite": "b_dratini",
		"cr": 45,
		"type": "Dragon",
		"type2": "None",
		"hp": 41,
		"atk": 64,
		"def": 45,
		"spat": 50,
		"spdef": 50,
		"speed": 50,
		"moves": [
			{
				"name": "slam",
				"levelLearned": 29
			},
			{
				"name": "wrap",
				"levelLearned": 1
			},
			{
				"name": "leer",
				"levelLearned": 1
			},
			{
				"name": "hyper-beam",
				"levelLearned": 57
			},
			{
				"name": "dragon-rage",
				"levelLearned": 22
			},
			{
				"name": "thunder-wave",
				"levelLearned": 8
			},
			{
				"name": "agility",
				"levelLearned": 36
			},
			{
				"name": "outrage",
				"levelLearned": 50
			},
			{
				"name": "safeguard",
				"levelLearned": 43
			},
			{
				"name": "twister",
				"levelLearned": 15
			}
		]
	},
	{
		"name": "Dragonair",
		"frontSprite": "f_dragonair",
		"backSprite": "b_dragonair",
		"cr": 45,
		"type": "Dragon",
		"type2": "None",
		"hp": 61,
		"atk": 84,
		"def": 65,
		"spat": 70,
		"spdef": 70,
		"speed": 70,
		"moves": [
			{
				"name": "slam",
				"levelLearned": 29
			},
			{
				"name": "wrap",
				"levelLearned": 1
			},
			{
				"name": "leer",
				"levelLearned": 1
			},
			{
				"name": "hyper-beam",
				"levelLearned": 65
			},
			{
				"name": "dragon-rage",
				"levelLearned": 22
			},
			{
				"name": "thunder-wave",
				"levelLearned": 1
			},
			{
				"name": "thunder-wave",
				"levelLearned": 8
			},
			{
				"name": "agility",
				"levelLearned": 38
			},
			{
				"name": "outrage",
				"levelLearned": 56
			},
			{
				"name": "safeguard",
				"levelLearned": 47
			},
			{
				"name": "twister",
				"levelLearned": 1
			},
			{
				"name": "twister",
				"levelLearned": 15
			}
		]
	},
	{
		"name": "Dragonite",
		"frontSprite": "f_dragonite",
		"backSprite": "b_dragonite",
		"cr": 45,
		"type": "Dragon",
		"type2": "Flying",
		"hp": 91,
		"atk": 134,
		"def": 95,
		"spat": 100,
		"spdef": 100,
		"speed": 80,
		"moves": [
			{
				"name": "wing-attack",
				"levelLearned": 55
			},
			{
				"name": "slam",
				"levelLearned": 29
			},
			{
				"name": "wrap",
				"levelLearned": 1
			},
			{
				"name": "leer",
				"levelLearned": 1
			},
			{
				"name": "hyper-beam",
				"levelLearned": 75
			},
			{
				"name": "dragon-rage",
				"levelLearned": 22
			},
			{
				"name": "thunder-wave",
				"levelLearned": 1
			},
			{
				"name": "thunder-wave",
				"levelLearned": 8
			},
			{
				"name": "agility",
				"levelLearned": 38
			},
			{
				"name": "outrage",
				"levelLearned": 61
			},
			{
				"name": "safeguard",
				"levelLearned": 47
			},
			{
				"name": "twister",
				"levelLearned": 1
			},
			{
				"name": "twister",
				"levelLearned": 15
			}
		]
	},
	{
		"name": "Chikorita",
		"frontSprite": "f_chikorita",
		"backSprite": "b_chikorita",
		"cr": 45,
		"type": "Grass",
		"type2": "None",
		"hp": 45,
		"atk": 49,
		"def": 65,
		"spat": 49,
		"spdef": 65,
		"speed": 45,
		"moves": [
			{
				"name": "tackle",
				"levelLearned": 1
			},
			{
				"name": "body-slam",
				"levelLearned": 29
			},
			{
				"name": "growl",
				"levelLearned": 1
			},
			{
				"name": "razor-leaf",
				"levelLearned": 8
			},
			{
				"name": "solar-beam",
				"levelLearned": 50
			},
			{
				"name": "poison-powder",
				"levelLearned": 15
			},
			{
				"name": "light-screen",
				"levelLearned": 36
			},
			{
				"name": "reflect",
				"levelLearned": 12
			},
			{
				"name": "safeguard",
				"levelLearned": 43
			},
			{
				"name": "synthesis",
				"levelLearned": 22
			}
		]
	},
	{
		"name": "Bayleef",
		"frontSprite": "f_bayleef",
		"backSprite": "b_bayleef",
		"cr": 45,
		"type": "Grass",
		"type2": "None",
		"hp": 60,
		"atk": 62,
		"def": 80,
		"spat": 63,
		"spdef": 80,
		"speed": 60,
		"moves": [
			{
				"name": "tackle",
				"levelLearned": 1
			},
			{
				"name": "body-slam",
				"levelLearned": 31
			},
			{
				"name": "growl",
				"levelLearned": 1
			},
			{
				"name": "razor-leaf",
				"levelLearned": 1
			},
			{
				"name": "razor-leaf",
				"levelLearned": 8
			},
			{
				"name": "solar-beam",
				"levelLearned": 55
			},
			{
				"name": "poison-powder",
				"levelLearned": 15
			},
			{
				"name": "light-screen",
				"levelLearned": 39
			},
			{
				"name": "reflect",
				"levelLearned": 1
			},
			{
				"name": "reflect",
				"levelLearned": 12
			},
			{
				"name": "safeguard",
				"levelLearned": 47
			},
			{
				"name": "synthesis",
				"levelLearned": 23
			}
		]
	},
	{
		"name": "Meganium",
		"frontSprite": "f_meganium",
		"backSprite": "b_meganium",
		"cr": 45,
		"type": "Grass",
		"type2": "None",
		"hp": 80,
		"atk": 82,
		"def": 100,
		"spat": 83,
		"spdef": 100,
		"speed": 80,
		"moves": [
			{
				"name": "tackle",
				"levelLearned": 1
			},
			{
				"name": "body-slam",
				"levelLearned": 31
			},
			{
				"name": "growl",
				"levelLearned": 1
			},
			{
				"name": "razor-leaf",
				"levelLearned": 1
			},
			{
				"name": "razor-leaf",
				"levelLearned": 8
			},
			{
				"name": "solar-beam",
				"levelLearned": 61
			},
			{
				"name": "poison-powder",
				"levelLearned": 15
			},
			{
				"name": "light-screen",
				"levelLearned": 41
			},
			{
				"name": "reflect",
				"levelLearned": 1
			},
			{
				"name": "reflect",
				"levelLearned": 12
			},
			{
				"name": "safeguard",
				"levelLearned": 51
			},
			{
				"name": "synthesis",
				"levelLearned": 23
			}
		]
	},
	{
		"name": "Cyndaquil",
		"frontSprite": "f_cyndaquil",
		"backSprite": "b_cyndaquil",
		"cr": 45,
		"type": "Fire",
		"type2": "None",
		"hp": 39,
		"atk": 52,
		"def": 43,
		"spat": 60,
		"spdef": 50,
		"speed": 65,
		"moves": [
			{
				"name": "tackle",
				"levelLearned": 1
			},
			{
				"name": "leer",
				"levelLearned": 1
			},
			{
				"name": "ember",
				"levelLearned": 12
			},
			{
				"name": "flamethrower",
				"levelLearned": 46
			},
			{
				"name": "quick-attack",
				"levelLearned": 19
			},
			{
				"name": "smokescreen",
				"levelLearned": 6
			},
			{
				"name": "swift",
				"levelLearned": 36
			},
			{
				"name": "flame-wheel",
				"levelLearned": 27
			}
		]
	},
	{
		"name": "Quilava",
		"frontSprite": "f_quilava",
		"backSprite": "b_quilava",
		"cr": 45,
		"type": "Fire",
		"type2": "None",
		"hp": 58,
		"atk": 64,
		"def": 58,
		"spat": 80,
		"spdef": 65,
		"speed": 80,
		"moves": [
			{
				"name": "tackle",
				"levelLearned": 1
			},
			{
				"name": "leer",
				"levelLearned": 1
			},
			{
				"name": "ember",
				"levelLearned": 12
			},
			{
				"name": "flamethrower",
				"levelLearned": 54
			},
			{
				"name": "quick-attack",
				"levelLearned": 21
			},
			{
				"name": "smokescreen",
				"levelLearned": 1
			},
			{
				"name": "smokescreen",
				"levelLearned": 6
			},
			{
				"name": "swift",
				"levelLearned": 42
			},
			{
				"name": "flame-wheel",
				"levelLearned": 31
			}
		]
	},
	{
		"name": "Typhlosion",
		"frontSprite": "f_typhlosion",
		"backSprite": "b_typhlosion",
		"cr": 45,
		"type": "Fire",
		"type2": "None",
		"hp": 78,
		"atk": 84,
		"def": 78,
		"spat": 109,
		"spdef": 85,
		"speed": 100,
		"moves": [
			{
				"name": "tackle",
				"levelLearned": 1
			},
			{
				"name": "leer",
				"levelLearned": 1
			},
			{
				"name": "ember",
				"levelLearned": 1
			},
			{
				"name": "ember",
				"levelLearned": 12
			},
			{
				"name": "flamethrower",
				"levelLearned": 60
			},
			{
				"name": "quick-attack",
				"levelLearned": 21
			},
			{
				"name": "smokescreen",
				"levelLearned": 1
			},
			{
				"name": "smokescreen",
				"levelLearned": 6
			},
			{
				"name": "swift",
				"levelLearned": 45
			},
			{
				"name": "flame-wheel",
				"levelLearned": 31
			}
		]
	},
	{
		"name": "Totodile",
		"frontSprite": "f_totodile",
		"backSprite": "b_totodile",
		"cr": 45,
		"type": "Water",
		"type2": "None",
		"hp": 50,
		"atk": 65,
		"def": 64,
		"spat": 44,
		"spdef": 48,
		"speed": 43,
		"moves": [
			{
				"name": "scratch",
				"levelLearned": 1
			},
			{
				"name": "leer",
				"levelLearned": 1
			},
			{
				"name": "bite",
				"levelLearned": 20
			},
			{
				"name": "water-gun",
				"levelLearned": 13
			},
			{
				"name": "hydro-pump",
				"levelLearned": 52
			},
			{
				"name": "rage",
				"levelLearned": 7
			},
			{
				"name": "screech",
				"levelLearned": 43
			},
			{
				"name": "slash",
				"levelLearned": 35
			},
			{
				"name": "scary-face",
				"levelLearned": 27
			}
		]
	},
	{
		"name": "Croconaw",
		"frontSprite": "f_croconaw",
		"backSprite": "b_croconaw",
		"cr": 45,
		"type": "Water",
		"type2": "None",
		"hp": 65,
		"atk": 80,
		"def": 80,
		"spat": 59,
		"spdef": 63,
		"speed": 58,
		"moves": [
			{
				"name": "scratch",
				"levelLearned": 1
			},
			{
				"name": "leer",
				"levelLearned": 1
			},
			{
				"name": "bite",
				"levelLearned": 21
			},
			{
				"name": "water-gun",
				"levelLearned": 13
			},
			{
				"name": "hydro-pump",
				"levelLearned": 55
			},
			{
				"name": "rage",
				"levelLearned": 1
			},
			{
				"name": "rage",
				"levelLearned": 7
			},
			{
				"name": "screech",
				"levelLearned": 45
			},
			{
				"name": "slash",
				"levelLearned": 37
			},
			{
				"name": "scary-face",
				"levelLearned": 28
			}
		]
	},
	{
		"name": "Feraligatr",
		"frontSprite": "f_feraligatr",
		"backSprite": "b_feraligatr",
		"cr": 45,
		"type": "Water",
		"type2": "None",
		"hp": 85,
		"atk": 105,
		"def": 100,
		"spat": 79,
		"spdef": 83,
		"speed": 78,
		"moves": [
			{
				"name": "scratch",
				"levelLearned": 1
			},
			{
				"name": "leer",
				"levelLearned": 1
			},
			{
				"name": "bite",
				"levelLearned": 21
			},
			{
				"name": "water-gun",
				"levelLearned": 1
			},
			{
				"name": "water-gun",
				"levelLearned": 13
			},
			{
				"name": "hydro-pump",
				"levelLearned": 58
			},
			{
				"name": "rage",
				"levelLearned": 1
			},
			{
				"name": "rage",
				"levelLearned": 7
			},
			{
				"name": "screech",
				"levelLearned": 47
			},
			{
				"name": "slash",
				"levelLearned": 38
			},
			{
				"name": "scary-face",
				"levelLearned": 28
			}
		]
	},
	{
		"name": "Treecko",
		"frontSprite": "f_treecko",
		"backSprite": "b_treecko",
		"cr": 45,
		"type": "Grass",
		"type2": "None",
		"hp": 40,
		"atk": 45,
		"def": 35,
		"spat": 65,
		"spdef": 55,
		"speed": 70,
		"moves": [
			{
				"name": "pound",
				"levelLearned": 1
			},
			{
				"name": "slam",
				"levelLearned": 36
			},
			{
				"name": "leer",
				"levelLearned": 1
			},
			{
				"name": "absorb",
				"levelLearned": 6
			},
			{
				"name": "mega-drain",
				"levelLearned": 26
			},
			{
				"name": "agility",
				"levelLearned": 31
			},
			{
				"name": "quick-attack",
				"levelLearned": 11
			},
			{
				"name": "screech",
				"levelLearned": 21
			},
			{
				"name": "detect",
				"levelLearned": 41
			},
			{
				"name": "giga-drain",
				"levelLearned": 46
			},
			{
				"name": "pursuit",
				"levelLearned": 16
			}
		]
	},
	{
		"name": "Grovyle",
		"frontSprite": "f_grovyle",
		"backSprite": "b_grovyle",
		"cr": 45,
		"type": "Grass",
		"type2": "None",
		"hp": 50,
		"atk": 65,
		"def": 45,
		"spat": 85,
		"spdef": 65,
		"speed": 95,
		"moves": [
			{
				"name": "pound",
				"levelLearned": 1
			},
			{
				"name": "slam",
				"levelLearned": 41
			},
			{
				"name": "leer",
				"levelLearned": 1
			},
			{
				"name": "absorb",
				"levelLearned": 1
			},
			{
				"name": "absorb",
				"levelLearned": 6
			},
			{
				"name": "agility",
				"levelLearned": 35
			},
			{
				"name": "quick-attack",
				"levelLearned": 1
			},
			{
				"name": "quick-attack",
				"levelLearned": 11
			},
			{
				"name": "screech",
				"levelLearned": 23
			},
			{
				"name": "detect",
				"levelLearned": 47
			},
			{
				"name": "false-swipe",
				"levelLearned": 53
			},
			{
				"name": "fury-cutter",
				"levelLearned": 16
			},
			{
				"name": "pursuit",
				"levelLearned": 17
			},
			{
				"name": "leaf-blade",
				"levelLearned": 29
			}
		]
	},
	{
		"name": "Sceptile",
		"frontSprite": "f_sceptile",
		"backSprite": "b_sceptile",
		"cr": 45,
		"type": "Grass",
		"type2": "None",
		"hp": 70,
		"atk": 85,
		"def": 65,
		"spat": 105,
		"spdef": 85,
		"speed": 120,
		"moves": [
			{
				"name": "pound",
				"levelLearned": 1
			},
			{
				"name": "slam",
				"levelLearned": 43
			},
			{
				"name": "leer",
				"levelLearned": 1
			},
			{
				"name": "absorb",
				"levelLearned": 1
			},
			{
				"name": "absorb",
				"levelLearned": 6
			},
			{
				"name": "agility",
				"levelLearned": 35
			},
			{
				"name": "quick-attack",
				"levelLearned": 1
			},
			{
				"name": "quick-attack",
				"levelLearned": 11
			},
			{
				"name": "screech",
				"levelLearned": 23
			},
			{
				"name": "detect",
				"levelLearned": 51
			},
			{
				"name": "false-swipe",
				"levelLearned": 59
			},
			{
				"name": "fury-cutter",
				"levelLearned": 16
			},
			{
				"name": "pursuit",
				"levelLearned": 17
			},
			{
				"name": "leaf-blade",
				"levelLearned": 29
			}
		]
	},
	{
		"name": "Torchic",
		"frontSprite": "f_torchic",
		"backSprite": "b_torchic",
		"cr": 45,
		"type": "Fire",
		"type2": "None",
		"hp": 45,
		"atk": 60,
		"def": 40,
		"spat": 70,
		"spdef": 50,
		"speed": 45,
		"moves": [
			{
				"name": "scratch",
				"levelLearned": 1
			},
			{
				"name": "sand-attack",
				"levelLearned": 19
			},
			{
				"name": "growl",
				"levelLearned": 1
			},
			{
				"name": "ember",
				"levelLearned": 10
			},
			{
				"name": "flamethrower",
				"levelLearned": 43
			},
			{
				"name": "peck",
				"levelLearned": 16
			},
			{
				"name": "fire-spin",
				"levelLearned": 25
			},
			{
				"name": "quick-attack",
				"levelLearned": 28
			},
			{
				"name": "focus-energy",
				"levelLearned": 7
			},
			{
				"name": "mirror-move",
				"levelLearned": 37
			},
			{
				"name": "slash",
				"levelLearned": 34
			}
		]
	},
	{
		"name": "Combusken",
		"frontSprite": "f_combusken",
		"backSprite": "b_combusken",
		"cr": 45,
		"type": "Fire",
		"type2": "Fighting",
		"hp": 60,
		"atk": 85,
		"def": 60,
		"spat": 85,
		"spdef": 60,
		"speed": 55,
		"moves": [
			{
				"name": "scratch",
				"levelLearned": 1
			},
			{
				"name": "double-kick",
				"levelLearned": 16
			},
			{
				"name": "sand-attack",
				"levelLearned": 21
			},
			{
				"name": "growl",
				"levelLearned": 1
			},
			{
				"name": "ember",
				"levelLearned": 1
			},
			{
				"name": "ember",
				"levelLearned": 13
			},
			{
				"name": "peck",
				"levelLearned": 17
			},
			{
				"name": "quick-attack",
				"levelLearned": 32
			},
			{
				"name": "focus-energy",
				"levelLearned": 1
			},
			{
				"name": "focus-energy",
				"levelLearned": 7
			},
			{
				"name": "mirror-move",
				"levelLearned": 43
			},
			{
				"name": "slash",
				"levelLearned": 39
			},
			{
				"name": "sky-uppercut",
				"levelLearned": 50
			},
			{
				"name": "bulk-up",
				"levelLearned": 28
			}
		]
	},
	{
		"name": "Blaziken",
		"frontSprite": "f_blaziken",
		"backSprite": "b_blaziken",
		"cr": 45,
		"type": "Fire",
		"type2": "Fighting",
		"hp": 80,
		"atk": 120,
		"def": 70,
		"spat": 110,
		"spdef": 70,
		"speed": 80,
		"moves": [
			{
				"name": "fire-punch",
				"levelLearned": 1
			},
			{
				"name": "scratch",
				"levelLearned": 1
			},
			{
				"name": "double-kick",
				"levelLearned": 16
			},
			{
				"name": "sand-attack",
				"levelLearned": 21
			},
			{
				"name": "growl",
				"levelLearned": 1
			},
			{
				"name": "ember",
				"levelLearned": 1
			},
			{
				"name": "ember",
				"levelLearned": 13
			},
			{
				"name": "peck",
				"levelLearned": 17
			},
			{
				"name": "quick-attack",
				"levelLearned": 32
			},
			{
				"name": "focus-energy",
				"levelLearned": 1
			},
			{
				"name": "focus-energy",
				"levelLearned": 7
			},
			{
				"name": "mirror-move",
				"levelLearned": 49
			},
			{
				"name": "slash",
				"levelLearned": 42
			},
			{
				"name": "blaze-kick",
				"levelLearned": 36
			},
			{
				"name": "sky-uppercut",
				"levelLearned": 59
			},
			{
				"name": "bulk-up",
				"levelLearned": 28
			}
		]
	},
	{
		"name": "Mudkip",
		"frontSprite": "f_mudkip",
		"backSprite": "b_mudkip",
		"cr": 45,
		"type": "Water",
		"type2": "None",
		"hp": 50,
		"atk": 70,
		"def": 50,
		"spat": 50,
		"spdef": 50,
		"speed": 40,
		"moves": [
			{
				"name": "tackle",
				"levelLearned": 1
			},
			{
				"name": "take-down",
				"levelLearned": 28
			},
			{
				"name": "growl",
				"levelLearned": 1
			},
			{
				"name": "water-gun",
				"levelLearned": 10
			},
			{
				"name": "hydro-pump",
				"levelLearned": 42
			},
			{
				"name": "bide",
				"levelLearned": 15
			},
			{
				"name": "protect",
				"levelLearned": 37
			},
			{
				"name": "mud-slap",
				"levelLearned": 6
			},
			{
				"name": "foresight",
				"levelLearned": 19
			},
			{
				"name": "whirlpool",
				"levelLearned": 33
			},
			{
				"name": "endeavor",
				"levelLearned": 46
			},
			{
				"name": "mud-sport",
				"levelLearned": 24
			}
		]
	},
	{
		"name": "Marshtomp",
		"frontSprite": "f_marshtomp",
		"backSprite": "b_marshtomp",
		"cr": 45,
		"type": "Water",
		"type2": "Ground",
		"hp": 70,
		"atk": 85,
		"def": 70,
		"spat": 60,
		"spdef": 70,
		"speed": 50,
		"moves": [
			{
				"name": "tackle",
				"levelLearned": 1
			},
			{
				"name": "take-down",
				"levelLearned": 31
			},
			{
				"name": "growl",
				"levelLearned": 1
			},
			{
				"name": "water-gun",
				"levelLearned": 1
			},
			{
				"name": "water-gun",
				"levelLearned": 10
			},
			{
				"name": "earthquake",
				"levelLearned": 46
			},
			{
				"name": "bide",
				"levelLearned": 15
			},
			{
				"name": "protect",
				"levelLearned": 42
			},
			{
				"name": "mud-slap",
				"levelLearned": 1
			},
			{
				"name": "mud-slap",
				"levelLearned": 6
			},
			{
				"name": "foresight",
				"levelLearned": 20
			},
			{
				"name": "endeavor",
				"levelLearned": 53
			},
			{
				"name": "mud-sport",
				"levelLearned": 25
			},
			{
				"name": "muddy-water",
				"levelLearned": 37
			},
			{
				"name": "mud-shot",
				"levelLearned": 16
			}
		]
	},
	{
		"name": "Swampert",
		"frontSprite": "f_swampert",
		"backSprite": "b_swampert",
		"cr": 45,
		"type": "Water",
		"type2": "Ground",
		"hp": 100,
		"atk": 110,
		"def": 90,
		"spat": 85,
		"spdef": 90,
		"speed": 60,
		"moves": [
			{
				"name": "tackle",
				"levelLearned": 1
			},
			{
				"name": "take-down",
				"levelLearned": 31
			},
			{
				"name": "growl",
				"levelLearned": 1
			},
			{
				"name": "water-gun",
				"levelLearned": 1
			},
			{
				"name": "water-gun",
				"levelLearned": 10
			},
			{
				"name": "earthquake",
				"levelLearned": 52
			},
			{
				"name": "bide",
				"levelLearned": 15
			},
			{
				"name": "protect",
				"levelLearned": 46
			},
			{
				"name": "mud-slap",
				"levelLearned": 1
			},
			{
				"name": "mud-slap",
				"levelLearned": 6
			},
			{
				"name": "foresight",
				"levelLearned": 20
			},
			{
				"name": "endeavor",
				"levelLearned": 61
			},
			{
				"name": "mud-sport",
				"levelLearned": 25
			},
			{
				"name": "muddy-water",
				"levelLearned": 39
			},
			{
				"name": "mud-shot",
				"levelLearned": 16
			}
		]
	},
	{
		"name": "Ralts",
		"frontSprite": "f_ralts",
		"backSprite": "b_ralts",
		"cr": 235,
		"type": "Psychic",
		"type2": "Fairy",
		"hp": 28,
		"atk": 25,
		"def": 25,
		"spat": 45,
		"spdef": 35,
		"speed": 40,
		"moves": [
			{
				"name": "growl",
				"levelLearned": 1
			},
			{
				"name": "confusion",
				"levelLearned": 6
			},
			{
				"name": "psychic",
				"levelLearned": 26
			},
			{
				"name": "hypnosis",
				"levelLearned": 41
			},
			{
				"name": "teleport",
				"levelLearned": 16
			},
			{
				"name": "double-team",
				"levelLearned": 11
			},
			{
				"name": "dream-eater",
				"levelLearned": 46
			},
			{
				"name": "future-sight",
				"levelLearned": 36
			},
			{
				"name": "imprison",
				"levelLearned": 31
			},
			{
				"name": "calm-mind",
				"levelLearned": 21
			}
		]
	},
	{
		"name": "Kirlia",
		"frontSprite": "f_kirlia",
		"backSprite": "b_kirlia",
		"cr": 120,
		"type": "Psychic",
		"type2": "Fairy",
		"hp": 38,
		"atk": 35,
		"def": 35,
		"spat": 65,
		"spdef": 55,
		"speed": 50,
		"moves": [
			{
				"name": "growl",
				"levelLearned": 1
			},
			{
				"name": "confusion",
				"levelLearned": 1
			},
			{
				"name": "confusion",
				"levelLearned": 6
			},
			{
				"name": "psychic",
				"levelLearned": 26
			},
			{
				"name": "hypnosis",
				"levelLearned": 47
			},
			{
				"name": "teleport",
				"levelLearned": 1
			},
			{
				"name": "teleport",
				"levelLearned": 16
			},
			{
				"name": "double-team",
				"levelLearned": 1
			},
			{
				"name": "double-team",
				"levelLearned": 11
			},
			{
				"name": "dream-eater",
				"levelLearned": 54
			},
			{
				"name": "future-sight",
				"levelLearned": 40
			},
			{
				"name": "imprison",
				"levelLearned": 33
			},
			{
				"name": "calm-mind",
				"levelLearned": 21
			}
		]
	},
	{
		"name": "Gardevoir",
		"frontSprite": "f_gardevoir",
		"backSprite": "b_gardevoir",
		"cr": 45,
		"type": "Psychic",
		"type2": "Fairy",
		"hp": 68,
		"atk": 65,
		"def": 65,
		"spat": 125,
		"spdef": 115,
		"speed": 80,
		"moves": [
			{
				"name": "growl",
				"levelLearned": 1
			},
			{
				"name": "confusion",
				"levelLearned": 1
			},
			{
				"name": "confusion",
				"levelLearned": 6
			},
			{
				"name": "psychic",
				"levelLearned": 26
			},
			{
				"name": "hypnosis",
				"levelLearned": 51
			},
			{
				"name": "teleport",
				"levelLearned": 1
			},
			{
				"name": "teleport",
				"levelLearned": 16
			},
			{
				"name": "double-team",
				"levelLearned": 1
			},
			{
				"name": "double-team",
				"levelLearned": 11
			},
			{
				"name": "dream-eater",
				"levelLearned": 60
			},
			{
				"name": "future-sight",
				"levelLearned": 42
			},
			{
				"name": "imprison",
				"levelLearned": 33
			},
			{
				"name": "calm-mind",
				"levelLearned": 21
			}
		]
	}
]